{"stat.pickup.simplecorn.corncob":25,"stat.leaveGame":2,"stat.mineBlock.ic2.sapling":5,"stat.craftItem.projectred-exploration.peridot_helmet":1,"stat.mineBlock.ic2.rubber_wood":44,"stat.mineBlock.minecraft.sandstone":34,"stat.useItem.minecraft.planks":1,"stat.pickup.minecraft.porkchop":3,"stat.pickup.xreliquary.mob_ingredient":1,"stat.pickup.projectred-exploration.peridot_pickaxe":1,"stat.useItem.minecraft.water_bucket":20,"stat.pickup.minecraft.rotten_flesh":2,"stat.pickup.minecraft.sand":29,"stat.pickup.minecraft.hardened_clay":22,"stat.craftItem.minecraft.stone_axe":1,"stat.pickup.forestry.slabs.2":4,"stat.killEntity.Enderman":1,"stat.craftItem.minecraft.stone_sword":1,"stat.craftItem.minecraft.iron_shovel":1,"stat.mineBlock.minecraft.sand":22,"stat.pickup.forestry.planks.1":42,"stat.mineBlock.extratrees.leaves.default.20":1,"stat.useItem.minecraft.iron_pickaxe":335,"stat.pickup.minecraft.stained_hardened_clay":19,"stat.craftItem.minecraft.wooden_pickaxe":1,"stat.useItem.minecraft.iron_shovel":218,"stat.craftItem.minecraft.bed":2,"stat.pickup.projectred-core.resource_item":57,"stat.craftItem.minecraft.glass_pane":16,"stat.useItem.minecraft.hardened_clay":2,"stat.pickup.thermalfoundation.material":4,"stat.furnaceInteraction":246,"stat.craftItem.ic2.te":19,"stat.mineBlock.forestry.logs.5":16,"stat.craftItem.thermalfoundation.material":61,"stat.drop.minecraft.wooden_pressure_plate":2,"stat.pickup.railcraft.generic":17,"stat.pickup.minecraft.beef":14,"stat.useItem.minecraft.cooked_mutton":6,"stat.pickup.minecraft.furnace":2,"stat.drop.projectred-exploration.peridot_pickaxe":1,"stat.mineBlock.minecraft.stained_hardened_clay":24,"stat.craftItem.projectred-exploration.stone_sickle":1,"stat.pickup.ic2.bronze_helmet":1,"stat.pickup.projectred-exploration.stone_sickle":1,"stat.pickup.minecraft.stone_stairs":1,"stat.mineBlock.minecraft.fence":2,"stat.useItem.ic2.sapling":29,"stat.pickup.thaumcraft.crystal_essence":1,"stat.pickup.ic2.misc_resource":128,"stat.craftItem.ironchest.iron_chest":2,"stat.mineBlock.ic2.leaves":1590,"stat.pickup.computercraft.turtle_expanded":4,"stat.useItem.minecraft.dye":23,"stat.mineBlock.minecraft.oak_stairs":7,"stat.useItem.ic2.treetap":73,"stat.pickup.minecraft.egg":2,"stat.playOneMinute":192251,"stat.mineBlock.forestry.slabs.2":4,"stat.craftItem.minecraft.iron_pickaxe":2,"stat.craftItem.projectred-exploration.peridot_saw":1,"stat.useItem.projectred-exploration.sapphire_sword":41,"stat.mineBlock.minecraft.tallgrass":7,"stat.craftItem.minecraft.cooked_mutton":6,"stat.craftItem.computercraft.computer":1,"stat.chestOpened":131,"stat.useItem.ic2.cable":11,"stat.useItem.minecraft.stone":2,"stat.pickup.minecraft.arrow":10,"stat.pickup.minecraft.wooden_pressure_plate":6,"stat.craftItem.minecraft.coal":15,"stat.drop.minecraft.iron_pickaxe":1,"stat.craftItem.appliedenergistics2.grindstone":1,"stat.fallOneCm":51191,"stat.craftItem.ic2.treetap":5,"stat.craftItem.appliedenergistics2.certus_quartz_wrench":1,"stat.pickup.minecraft.carrot":19,"stat.useItem.forestry.slabs.2":31,"stat.crouchOneCm":7433,"stat.craftItem.ic2.cable":126,"stat.craftItem.projectred-exploration.sapphire_axe":1,"stat.craftItem.minecraft.iron_ingot":57,"stat.craftItem.minecraft.chest":5,"stat.mineBlock.minecraft.hardened_clay":22,"stat.craftingTableInteraction":154,"stat.mineBlock.minecraft.wooden_pressure_plate":2,"stat.pickup.techreborn.ore":1,"stat.mineBlock.ic2.resource":4,"stat.pickup.minecraft.feather":6,"stat.pickup.minecraft.planks":4,"stat.pickup.minecraft.wheat_seeds":4,"stat.mineBlock.minecraft.gravel":130,"stat.useItem.minecraft.stone_pickaxe":82,"stat.useItem.minecraft.stone_sword":80,"stat.mineBlock.minecraft.dirt":71,"stat.useItem.projectred-exploration.ruby_sickle":6,"stat.drop.minecraft.stick":3,"stat.useItem.minecraft.torch":171,"stat.pickup.minecraft.crafting_table":3,"stat.useItem.minecraft.log":1,"stat.useItem.minecraft.cobblestone":83,"stat.craftItem.minecraft.crafting_table":11,"stat.useItem.minecraft.gravel":52,"stat.mineBlock.extratrees.leaves.default.fruit.11":2,"stat.craftItem.projectred-exploration.peridot_pickaxe":1,"stat.useItem.projectred-exploration.stone_sickle":130,"stat.pickup.minecraft.log":136,"stat.pickup.minecraft.iron_pickaxe":2,"stat.pickup.minecraft.chicken":6,"stat.pickup.minecraft.sapling":12,"stat.pickup.forestry.fruits":8,"stat.pickup.minecraft.wooden_door":1,"stat.useItem.simplecorn.corncob":2,"stat.craftItem.minecraft.bucket":1,"stat.craftItem.minecraft.planks":210,"stat.mineBlock.thaumcraft.crystal_ordo":1,"stat.pickup.projectred-exploration.wooden_sickle":1,"stat.pickup.minecraft.book":21,"stat.useItem.appliedenergistics2.certus_quartz_wrench":4,"stat.mineBlock.minecraft.log":119,"stat.craftItem.ic2.re_battery":8,"stat.mineBlock.forestry.sapling_ge":1,"stat.sneakTime":2916,"stat.pickup.minecraft.wool":7,"stat.craftItem.projectred-exploration.wooden_sickle":2,"stat.pickup.ic2.sapling":43,"stat.useItem.minecraft.wooden_axe":5,"stat.drop.minecraft.stone_pickaxe":2,"stat.pickup.minecraft.bone":4,"stat.pickup.forestry.sapling":6,"stat.craftItem.computercraft.turtle_expanded":2,"stat.mineBlock.minecraft.cobblestone":40,"stat.craftItem.microblockcbe.stone_rod":3,"stat.pickup.minecraft.stone_pickaxe":3,"stat.pickup.minecraft.flint":9,"stat.mineBlock.appliedenergistics2.quartz_ore":11,"stat.swimOneCm":3621,"stat.pickup.modularforcefieldsystem.monazit_ore":1,"stat.craftItem.appliedenergistics2.crank":1,"stat.useItem.projectred-exploration.wooden_sickle":110,"stat.useItem.minecraft.dirt":32,"stat.useItem.minecraft.stone_slab2":66,"stat.pickup.minecraft.bow":1,"stat.craftItem.minecraft.furnace":6,"stat.pickup.thermalfoundation.ore":106,"stat.craftItem.forestry.planks.1":64,"stat.craftItem.minecraft.stone_pickaxe":1,"stat.craftItem.minecraft.cooked_beef":14,"stat.pickup.minecraft.cobblestone":304,"stat.mineBlock.minecraft.clay":9,"stat.flyOneCm":288722,"stat.pickup.minecraft.sandstone":7,"stat.pickup.appliedenergistics2.material":18,"stat.useItem.projectred-exploration.sapphire_axe":325,"stat.craftItem.ic2.ingot":41,"stat.useItem.minecraft.cooked_beef":6,"stat.pickup.minecraft.cactus":5,"stat.pickup.minecraft.redstone":49,"stat.ae2.TurnedCranks":106,"stat.mineBlock.minecraft.iron_ore":95,"stat.timeSinceDeath":192251,"stat.pickup.minecraft.mutton":13,"stat.craftItem.minecraft.stonebrick":8,"stat.useItem.simplecorn.roastedcorn":3,"stat.mineBlock.thermalfoundation.ore":105,"stat.mineBlock.minecraft.coal_ore":164,"stat.talkedToVillager":5,"stat.craftItem.minecraft.stone_slab2":0,"stat.sprintOneCm":260048,"stat.craftItem.minecraft.stick":100,"stat.craftItem.minecraft.wooden_axe":1,"stat.pickup.ic2.resource":4,"stat.craftItem.minecraft.stone":12,"stat.mineBlock.minecraft.diamond_ore":2,"stat.mineBlock.minecraft.crafting_table":3,"stat.useItem.minecraft.carrot":19,"stat.pickup.projectx.xycronium_crystal":8,"stat.pickup.forestry.logs.5":16,"stat.mineBlock.minecraft.planks":2,"stat.drop":11,"stat.killEntity.Sheep":10,"stat.drop.modularforcefieldsystem.monazit_ore":1,"stat.craftItem.minecraft.diamond_pickaxe":1,"stat.killEntity.Zombie":5,"stat.mineBlock.forestry.leaves.default.0":8,"stat.craftItem.minecraft.dye":24,"stat.mineBlock.forestry.leaves.default.1":55,"stat.mineBlock.forestry.leaves.default.2":40,"stat.mineBlock.minecraft.gold_ore":93,"stat.diveOneCm":22525,"stat.pickup.minecraft.wheat":5,"stat.craftItem.projectred-exploration.ruby_sickle":1,"stat.mineBlock.projectred-exploration.ore":27,"stat.pickup.minecraft.gravel":239,"stat.pickup.minecraft.stone_axe":1,"stat.pickup.ic2.te":3,"stat.drop.minecraft.sandstone":7,"stat.jump":2048,"stat.pickup.minecraft.fence":2,"stat.pickup.minecraft.coal":166,"stat.pickup.minecraft.iron_helmet":1,"stat.mineBlock.projectx.xycronium_ore":4,"stat.useItem.minecraft.stone_axe":47,"stat.pickup.minecraft.gunpowder":3,"stat.craftItem.minecraft.torch":144,"stat.pickup.minecraft.dirt":74,"stat.pickup.minecraft.iron_ore":93,"stat.pickup.minecraft.gold_ore":90,"stat.useItem.projectred-exploration.peridot_pickaxe":494,"stat.mineBlock.minecraft.stone_stairs":1,"stat.damageTaken":1335,"stat.pickup.minecraft.leather":4,"stat.mineBlock.forestry.leaves.default.fruit.0":58,"stat.mineBlock.minecraft.torch":29,"stat.mineBlock.minecraft.furnace":2,"stat.useItem.minecraft.wooden_pickaxe":29,"stat.pickup.ic2.rubber_wood":44,"stat.pickup.minecraft.reeds":11,"stat.pickup.minecraft.bed":4,"stat.pickup.minecraft.oak_stairs":7,"stat.damageDealt":4986,"stat.craftItem.minecraft.glass":14,"stat.sleepInBed":10,"stat.killEntity.Cow":7,"stat.killEntity.Pig":1,"stat.walkOneCm":423086,"stat.useItem.minecraft.chest":1,"stat.mineBlock.ic2.te":5,"stat.pickup.minecraft.stick":44,"stat.mineBlock.modularforcefieldsystem.monazit_ore":2,"stat.pickup.minecraft.clay_ball":32,"stat.mineBlock.computercraft.turtle_expanded":4,"stat.craftItem.projectred-exploration.peridot_leggings":1,"stat.mineBlock.techreborn.ore":2,"stat.pickup.minecraft.stone":2,"stat.pickup.minecraft.ender_pearl":1,"stat.craftItem.simplecorn.roastedcorn":23,"stat.killEntity.Skeleton":7,"stat.craftItem.ic2.crafting":93,"stat.mineBlock.minecraft.cactus":5,"stat.killEntity.Chicken":6,"stat.pickup.ic2.cable":2,"stat.mobKills":37,"stat.craftItem.projectred-exploration.sapphire_sword":1,"stat.craftItem.forestry.slabs.2":36,"stat.mineBlock.minecraft.bookshelf":7,"stat.craftItem.ic2.resource":1,"stat.pickup.minecraft.diamond":2,"stat.mineBlock.minecraft.leaves":181,"stat.craftItem.projectred-exploration.peridot_boots":1,"stat.pickup.minecraft.torch":34,"stat.pickup.thaumcraft.brain":1,"stat.mineBlock.minecraft.redstone_ore":11,"stat.mineBlock.railcraft.generic":17,"stat.mineBlock.minecraft.stone":189}